sentence_id,sentence,entity_text,entity_type
0,"After the droughts in the 1970s and 1980s, the observed loss of woody vegetation cover was often considered as irreversible [desertification] and large parts of the Sahel were designated as degraded land (e.g","1970s, 1980s",DATE
0,"After the droughts in the 1970s and 1980s, the observed loss of woody vegetation cover was often considered as irreversible [desertification] and large parts of the Sahel were designated as degraded land (e.g",Sahel,LOC
0,"After the droughts in the 1970s and 1980s, the observed loss of woody vegetation cover was often considered as irreversible [desertification] and large parts of the Sahel were designated as degraded land (e.g",large parts,QUANTITY
0,"After the droughts in the 1970s and 1980s, the observed loss of woody vegetation cover was often considered as irreversible [desertification] and large parts of the Sahel were designated as degraded land (e.g",degraded land,LULC
0,"After the droughts in the 1970s and 1980s, the observed loss of woody vegetation cover was often considered as irreversible [desertification] and large parts of the Sahel were designated as degraded land (e.g",e.g,PROCESS
3,"(1993)'}], '#text': ""An increase of land under [cultivation] can be in the form of either (a) clearing more land within the present territory, or (b) migrating to other areas to develop new land for [cultivation]",(1993),DATE
3,"(1993)'}], '#text': ""An increase of land under [cultivation] can be in the form of either (a) clearing more land within the present territory, or (b) migrating to other areas to develop new land for [cultivation]",'An increase of land under cultivation',QUANTITY
3,"(1993)'}], '#text': ""An increase of land under [cultivation] can be in the form of either (a) clearing more land within the present territory, or (b) migrating to other areas to develop new land for [cultivation]",can be in the form of,PROCESS
3,"(1993)'}], '#text': ""An increase of land under [cultivation] can be in the form of either (a) clearing more land within the present territory, or (b) migrating to other areas to develop new land for [cultivation]",either,CARDINAL
3,"(1993)'}], '#text': ""An increase of land under [cultivation] can be in the form of either (a) clearing more land within the present territory, or (b) migrating to other areas to develop new land for [cultivation]",(a),CARDINAL
3,"(1993)'}], '#text': ""An increase of land under [cultivation] can be in the form of either (a) clearing more land within the present territory, or (b) migrating to other areas to develop new land for [cultivation]",clearing more land within the present territory,PROCESS
3,"(1993)'}], '#text': ""An increase of land under [cultivation] can be in the form of either (a) clearing more land within the present territory, or (b) migrating to other areas to develop new land for [cultivation]",or,CARDINAL
3,"(1993)'}], '#text': ""An increase of land under [cultivation] can be in the form of either (a) clearing more land within the present territory, or (b) migrating to other areas to develop new land for [cultivation]",(b),CARDINAL
3,"(1993)'}], '#text': ""An increase of land under [cultivation] can be in the form of either (a) clearing more land within the present territory, or (b) migrating to other areas to develop new land for [cultivation]",migrating to other areas to develop new land for cultivation,PROCESS
5,").'}]}, {'@xmlns': 'http://www.tei-c.org/ns/1.0', 'head': {'@n': '4.2.', '#text': '[Land use ]change in the study site'}, 'p': {'ref': [{'@type': 'figure', '@target': '#fig_1', '#text': '2a'}, {'@type': 'figure', '@target': '#fig_1', '#text': '2b'}], '#text': 'From 1996 to 2017, the area covered by cropped fields, C, has increased from 40% to 51.3% over the study site area, and from 47% to 64% of the arable lands in the study site due to the loss fallows",[Land use],LULC
5,").'}]}, {'@xmlns': 'http://www.tei-c.org/ns/1.0', 'head': {'@n': '4.2.', '#text': '[Land use ]change in the study site'}, 'p': {'ref': [{'@type': 'figure', '@target': '#fig_1', '#text': '2a'}, {'@type': 'figure', '@target': '#fig_1', '#text': '2b'}], '#text': 'From 1996 to 2017, the area covered by cropped fields, C, has increased from 40% to 51.3% over the study site area, and from 47% to 64% of the arable lands in the study site due to the loss fallows",change,CHANGE
5,").'}]}, {'@xmlns': 'http://www.tei-c.org/ns/1.0', 'head': {'@n': '4.2.', '#text': '[Land use ]change in the study site'}, 'p': {'ref': [{'@type': 'figure', '@target': '#fig_1', '#text': '2a'}, {'@type': 'figure', '@target': '#fig_1', '#text': '2b'}], '#text': 'From 1996 to 2017, the area covered by cropped fields, C, has increased from 40% to 51.3% over the study site area, and from 47% to 64% of the arable lands in the study site due to the loss fallows",study site,LOC
5,").'}]}, {'@xmlns': 'http://www.tei-c.org/ns/1.0', 'head': {'@n': '4.2.', '#text': '[Land use ]change in the study site'}, 'p': {'ref': [{'@type': 'figure', '@target': '#fig_1', '#text': '2a'}, {'@type': 'figure', '@target': '#fig_1', '#text': '2b'}], '#text': 'From 1996 to 2017, the area covered by cropped fields, C, has increased from 40% to 51.3% over the study site area, and from 47% to 64% of the arable lands in the study site due to the loss fallows",figure 1,LOC
5,").'}]}, {'@xmlns': 'http://www.tei-c.org/ns/1.0', 'head': {'@n': '4.2.', '#text': '[Land use ]change in the study site'}, 'p': {'ref': [{'@type': 'figure', '@target': '#fig_1', '#text': '2a'}, {'@type': 'figure', '@target': '#fig_1', '#text': '2b'}], '#text': 'From 1996 to 2017, the area covered by cropped fields, C, has increased from 40% to 51.3% over the study site area, and from 47% to 64% of the arable lands in the study site due to the loss fallows",1996,DATE
5,").'}]}, {'@xmlns': 'http://www.tei-c.org/ns/1.0', 'head': {'@n': '4.2.', '#text': '[Land use ]change in the study site'}, 'p': {'ref': [{'@type': 'figure', '@target': '#fig_1', '#text': '2a'}, {'@type': 'figure', '@target': '#fig_1', '#text': '2b'}], '#text': 'From 1996 to 2017, the area covered by cropped fields, C, has increased from 40% to 51.3% over the study site area, and from 47% to 64% of the arable lands in the study site due to the loss fallows",2017,DATE
5,").'}]}, {'@xmlns': 'http://www.tei-c.org/ns/1.0', 'head': {'@n': '4.2.', '#text': '[Land use ]change in the study site'}, 'p': {'ref': [{'@type': 'figure', '@target': '#fig_1', '#text': '2a'}, {'@type': 'figure', '@target': '#fig_1', '#text': '2b'}], '#text': 'From 1996 to 2017, the area covered by cropped fields, C, has increased from 40% to 51.3% over the study site area, and from 47% to 64% of the arable lands in the study site due to the loss fallows",40%,PERCENT
5,").'}]}, {'@xmlns': 'http://www.tei-c.org/ns/1.0', 'head': {'@n': '4.2.', '#text': '[Land use ]change in the study site'}, 'p': {'ref': [{'@type': 'figure', '@target': '#fig_1', '#text': '2a'}, {'@type': 'figure', '@target': '#fig_1', '#text': '2b'}], '#text': 'From 1996 to 2017, the area covered by cropped fields, C, has increased from 40% to 51.3% over the study site area, and from 47% to 64% of the arable lands in the study site due to the loss fallows",47%,PERCENT
5,").'}]}, {'@xmlns': 'http://www.tei-c.org/ns/1.0', 'head': {'@n': '4.2.', '#text': '[Land use ]change in the study site'}, 'p': {'ref': [{'@type': 'figure', '@target': '#fig_1', '#text': '2a'}, {'@type': 'figure', '@target': '#fig_1', '#text': '2b'}], '#text': 'From 1996 to 2017, the area covered by cropped fields, C, has increased from 40% to 51.3% over the study site area, and from 47% to 64% of the arable lands in the study site due to the loss fallows",51.3%,PERCENT
5,").'}]}, {'@xmlns': 'http://www.tei-c.org/ns/1.0', 'head': {'@n': '4.2.', '#text': '[Land use ]change in the study site'}, 'p': {'ref': [{'@type': 'figure', '@target': '#fig_1', '#text': '2a'}, {'@type': 'figure', '@target': '#fig_1', '#text': '2b'}], '#text': 'From 1996 to 2017, the area covered by cropped fields, C, has increased from 40% to 51.3% over the study site area, and from 47% to 64% of the arable lands in the study site due to the loss fallows",64%,PERCENT
8,"About 26 and 31% of the total area of natural vegetation ([forest], woodland and tree [savanna]) will be converted to farmland and degraded [savanna] by 2050 if we assume the dynamics recorded from 1975 to 1990 and 1990-2010, respectively",About 26 and 31%,PERCENT
8,"About 26 and 31% of the total area of natural vegetation ([forest], woodland and tree [savanna]) will be converted to farmland and degraded [savanna] by 2050 if we assume the dynamics recorded from 1975 to 1990 and 1990-2010, respectively",of the total area,QUANTITY
8,"About 26 and 31% of the total area of natural vegetation ([forest], woodland and tree [savanna]) will be converted to farmland and degraded [savanna] by 2050 if we assume the dynamics recorded from 1975 to 1990 and 1990-2010, respectively",of natural vegetation,LULC
8,"About 26 and 31% of the total area of natural vegetation ([forest], woodland and tree [savanna]) will be converted to farmland and degraded [savanna] by 2050 if we assume the dynamics recorded from 1975 to 1990 and 1990-2010, respectively","(forest), woodland",LULC
8,"About 26 and 31% of the total area of natural vegetation ([forest], woodland and tree [savanna]) will be converted to farmland and degraded [savanna] by 2050 if we assume the dynamics recorded from 1975 to 1990 and 1990-2010, respectively",and tree savanna,LULC
8,"About 26 and 31% of the total area of natural vegetation ([forest], woodland and tree [savanna]) will be converted to farmland and degraded [savanna] by 2050 if we assume the dynamics recorded from 1975 to 1990 and 1990-2010, respectively",will be converted,CHANGE
8,"About 26 and 31% of the total area of natural vegetation ([forest], woodland and tree [savanna]) will be converted to farmland and degraded [savanna] by 2050 if we assume the dynamics recorded from 1975 to 1990 and 1990-2010, respectively",to farmland,LULC
8,"About 26 and 31% of the total area of natural vegetation ([forest], woodland and tree [savanna]) will be converted to farmland and degraded [savanna] by 2050 if we assume the dynamics recorded from 1975 to 1990 and 1990-2010, respectively",and degraded savanna,LULC
8,"About 26 and 31% of the total area of natural vegetation ([forest], woodland and tree [savanna]) will be converted to farmland and degraded [savanna] by 2050 if we assume the dynamics recorded from 1975 to 1990 and 1990-2010, respectively",by 2050,DATE
11,"Assuming the dynamics recorded in the second period , the amounts of land covered by [forest], woodland and tree [savanna] will decrease by 5, 9 and 17% of their cover in 1990, respectively, while the amount of degraded [savanna] and farmland will increase by 9 and 22% of the total area, respectively",assuming the dynamics recorded in the second period,CHANGE
11,"Assuming the dynamics recorded in the second period , the amounts of land covered by [forest], woodland and tree [savanna] will decrease by 5, 9 and 17% of their cover in 1990, respectively, while the amount of degraded [savanna] and farmland will increase by 9 and 22% of the total area, respectively",forest,LULC
11,"Assuming the dynamics recorded in the second period , the amounts of land covered by [forest], woodland and tree [savanna] will decrease by 5, 9 and 17% of their cover in 1990, respectively, while the amount of degraded [savanna] and farmland will increase by 9 and 22% of the total area, respectively",woodland,LULC
11,"Assuming the dynamics recorded in the second period , the amounts of land covered by [forest], woodland and tree [savanna] will decrease by 5, 9 and 17% of their cover in 1990, respectively, while the amount of degraded [savanna] and farmland will increase by 9 and 22% of the total area, respectively",tree savanna,LULC
11,"Assuming the dynamics recorded in the second period , the amounts of land covered by [forest], woodland and tree [savanna] will decrease by 5, 9 and 17% of their cover in 1990, respectively, while the amount of degraded [savanna] and farmland will increase by 9 and 22% of the total area, respectively",degraded savanna,LULC
11,"Assuming the dynamics recorded in the second period , the amounts of land covered by [forest], woodland and tree [savanna] will decrease by 5, 9 and 17% of their cover in 1990, respectively, while the amount of degraded [savanna] and farmland will increase by 9 and 22% of the total area, respectively",farmland,LULC
11,"Assuming the dynamics recorded in the second period , the amounts of land covered by [forest], woodland and tree [savanna] will decrease by 5, 9 and 17% of their cover in 1990, respectively, while the amount of degraded [savanna] and farmland will increase by 9 and 22% of the total area, respectively",amounts of land,QUANTITY
11,"Assuming the dynamics recorded in the second period , the amounts of land covered by [forest], woodland and tree [savanna] will decrease by 5, 9 and 17% of their cover in 1990, respectively, while the amount of degraded [savanna] and farmland will increase by 9 and 22% of the total area, respectively",cover,QUANTITY
11,"Assuming the dynamics recorded in the second period , the amounts of land covered by [forest], woodland and tree [savanna] will decrease by 5, 9 and 17% of their cover in 1990, respectively, while the amount of degraded [savanna] and farmland will increase by 9 and 22% of the total area, respectively",in 1990,DATE
11,"Assuming the dynamics recorded in the second period , the amounts of land covered by [forest], woodland and tree [savanna] will decrease by 5, 9 and 17% of their cover in 1990, respectively, while the amount of degraded [savanna] and farmland will increase by 9 and 22% of the total area, respectively",5,PERCENT
11,"Assuming the dynamics recorded in the second period , the amounts of land covered by [forest], woodland and tree [savanna] will decrease by 5, 9 and 17% of their cover in 1990, respectively, while the amount of degraded [savanna] and farmland will increase by 9 and 22% of the total area, respectively",9,PERCENT
11,"Assuming the dynamics recorded in the second period , the amounts of land covered by [forest], woodland and tree [savanna] will decrease by 5, 9 and 17% of their cover in 1990, respectively, while the amount of degraded [savanna] and farmland will increase by 9 and 22% of the total area, respectively",17,PERCENT
11,"Assuming the dynamics recorded in the second period , the amounts of land covered by [forest], woodland and tree [savanna] will decrease by 5, 9 and 17% of their cover in 1990, respectively, while the amount of degraded [savanna] and farmland will increase by 9 and 22% of the total area, respectively",9,PERCENT
11,"Assuming the dynamics recorded in the second period , the amounts of land covered by [forest], woodland and tree [savanna] will decrease by 5, 9 and 17% of their cover in 1990, respectively, while the amount of degraded [savanna] and farmland will increase by 9 and 22% of the total area, respectively",22,PERCENT
11,"Assuming the dynamics recorded in the second period , the amounts of land covered by [forest], woodland and tree [savanna] will decrease by 5, 9 and 17% of their cover in 1990, respectively, while the amount of degraded [savanna] and farmland will increase by 9 and 22% of the total area, respectively",total area,QUANTITY
12,"Conversely the decrease in the herbaceous standing [crop], due to the shortening of the [fallow] period, the extension of cultivated and cleared fields, the grazing by cattle, and more generally the increment in landscape discontinuities limit the spread of fire and the size of burnt areas",decrease,CHANGE
12,"Conversely the decrease in the herbaceous standing [crop], due to the shortening of the [fallow] period, the extension of cultivated and cleared fields, the grazing by cattle, and more generally the increment in landscape discontinuities limit the spread of fire and the size of burnt areas",herbaceous standing crop,LULC
12,"Conversely the decrease in the herbaceous standing [crop], due to the shortening of the [fallow] period, the extension of cultivated and cleared fields, the grazing by cattle, and more generally the increment in landscape discontinuities limit the spread of fire and the size of burnt areas",extension of cultivated and cleared fields,CHANGE
12,"Conversely the decrease in the herbaceous standing [crop], due to the shortening of the [fallow] period, the extension of cultivated and cleared fields, the grazing by cattle, and more generally the increment in landscape discontinuities limit the spread of fire and the size of burnt areas",grazing by cattle,PROCESS
12,"Conversely the decrease in the herbaceous standing [crop], due to the shortening of the [fallow] period, the extension of cultivated and cleared fields, the grazing by cattle, and more generally the increment in landscape discontinuities limit the spread of fire and the size of burnt areas",landscape discontinuities,LULC
12,"Conversely the decrease in the herbaceous standing [crop], due to the shortening of the [fallow] period, the extension of cultivated and cleared fields, the grazing by cattle, and more generally the increment in landscape discontinuities limit the spread of fire and the size of burnt areas",spread of fire,PROCESS
12,"Conversely the decrease in the herbaceous standing [crop], due to the shortening of the [fallow] period, the extension of cultivated and cleared fields, the grazing by cattle, and more generally the increment in landscape discontinuities limit the spread of fire and the size of burnt areas",size of burnt areas,QUANTITY
13,"Coping capacities were therefore assumed to be lower for the Bolgatanga area, which could lead to local food crises provoked by [urban] sprawl where land becomes useless for [agriculture].']}, {'@xmlns': 'http://www.tei-c.org/ns/1.0', 'head': {'@n': '3.2.', '#text': 'Driving forces of [[urban] development]'}, 'p': [{'ref': {'@type': 'table', '#text': '6a'}, '#text': 'Our three data sets show at a high confidence level that population growth is a driving force of [[urban] development] in both study areas (Table )",Bolgatanga area,LOC
13,"Coping capacities were therefore assumed to be lower for the Bolgatanga area, which could lead to local food crises provoked by [urban] sprawl where land becomes useless for [agriculture].']}, {'@xmlns': 'http://www.tei-c.org/ns/1.0', 'head': {'@n': '3.2.', '#text': 'Driving forces of [[urban] development]'}, 'p': [{'ref': {'@type': 'table', '#text': '6a'}, '#text': 'Our three data sets show at a high confidence level that population growth is a driving force of [[urban] development] in both study areas (Table )",urban sprawl,PROCESS
13,"Coping capacities were therefore assumed to be lower for the Bolgatanga area, which could lead to local food crises provoked by [urban] sprawl where land becomes useless for [agriculture].']}, {'@xmlns': 'http://www.tei-c.org/ns/1.0', 'head': {'@n': '3.2.', '#text': 'Driving forces of [[urban] development]'}, 'p': [{'ref': {'@type': 'table', '#text': '6a'}, '#text': 'Our three data sets show at a high confidence level that population growth is a driving force of [[urban] development] in both study areas (Table )",land,LULC
13,"Coping capacities were therefore assumed to be lower for the Bolgatanga area, which could lead to local food crises provoked by [urban] sprawl where land becomes useless for [agriculture].']}, {'@xmlns': 'http://www.tei-c.org/ns/1.0', 'head': {'@n': '3.2.', '#text': 'Driving forces of [[urban] development]'}, 'p': [{'ref': {'@type': 'table', '#text': '6a'}, '#text': 'Our three data sets show at a high confidence level that population growth is a driving force of [[urban] development] in both study areas (Table )",agriculture,LULC
19,"In fact, some NTFP-providing trees, such as the baobab (Adansonia digitata) and the shea tree (Vitellaria paradoxa), are protected by farmers during the agricultural cycle of [cultivation] and fallows and are therefore still well preserved",agricultural cycle,PROCESS
19,"In fact, some NTFP-providing trees, such as the baobab (Adansonia digitata) and the shea tree (Vitellaria paradoxa), are protected by farmers during the agricultural cycle of [cultivation] and fallows and are therefore still well preserved",NTFP-providing trees,LULC
19,"In fact, some NTFP-providing trees, such as the baobab (Adansonia digitata) and the shea tree (Vitellaria paradoxa), are protected by farmers during the agricultural cycle of [cultivation] and fallows and are therefore still well preserved",baobab,LULC
19,"In fact, some NTFP-providing trees, such as the baobab (Adansonia digitata) and the shea tree (Vitellaria paradoxa), are protected by farmers during the agricultural cycle of [cultivation] and fallows and are therefore still well preserved",shea tree,LULC
19,"In fact, some NTFP-providing trees, such as the baobab (Adansonia digitata) and the shea tree (Vitellaria paradoxa), are protected by farmers during the agricultural cycle of [cultivation] and fallows and are therefore still well preserved",cultivation,PROCESS
19,"In fact, some NTFP-providing trees, such as the baobab (Adansonia digitata) and the shea tree (Vitellaria paradoxa), are protected by farmers during the agricultural cycle of [cultivation] and fallows and are therefore still well preserved",fallows,PROCESS
