sentence_id,sentence,source,source_type,relationship,target,target_type
1,"'After the droughts in the 1970s and 1980s, the observed loss of woody vegetation cover was often considered as irreversible and large parts of the Sahel were designated as degraded land (e.g",droughts in the 1970s and 1980s,PROCESS,CAUSES,observed loss of woody vegetation cover,CHANGE
1,"'After the droughts in the 1970s and 1980s, the observed loss of woody vegetation cover was often considered as irreversible and large parts of the Sahel were designated as degraded land (e.g",observed loss of woody vegetation cover,CHANGE,AFFECTS,woody vegetation cover,LULC
1,"'After the droughts in the 1970s and 1980s, the observed loss of woody vegetation cover was often considered as irreversible and large parts of the Sahel were designated as degraded land (e.g",large parts of the Sahel,LOC,ARE_DEGRADED,degraded land,LULC
2,'The forests of West and Central Africa probably originally covered a combined area of about 3 million km 2,,,NO_RELATIONS_FOUND,,
3,").',, 'p': 'ref':, ' text': 'From 1996 to 2017, the area covered by cropped fields, C, has increased from 40% to 51.3% over the study site area, and from 47% to 64% of the arable lands in the study site due to the loss fallows",cropped fields,LULC,INCREASES_BY,11.3% (from 40% to 51.3%),UNKNOWN
3,").',, 'p': 'ref':, ' text': 'From 1996 to 2017, the area covered by cropped fields, C, has increased from 40% to 51.3% over the study site area, and from 47% to 64% of the arable lands in the study site due to the loss fallows",cropped fields,LULC,INCREASES_BY,17.9% (from 47% to 64%),UNKNOWN
3,").',, 'p': 'ref':, ' text': 'From 1996 to 2017, the area covered by cropped fields, C, has increased from 40% to 51.3% over the study site area, and from 47% to 64% of the arable lands in the study site due to the loss fallows",fallows,LULC,LOSS,,UNKNOWN
4,in this region has been dominated over the past three decades by production,,,NO_RELATIONS_FOUND,,
5,"land was decreased nearly by half in 2002 compared to its coverage in 1984, while the size of the gallery did not change much",land,LULC,DECREASED_BY,50%,UNKNOWN
5,"land was decreased nearly by half in 2002 compared to its coverage in 1984, while the size of the gallery did not change much",land,LULC,OCCURS_DURING,2002,UNKNOWN
5,"land was decreased nearly by half in 2002 compared to its coverage in 1984, while the size of the gallery did not change much",land,LULC,OCCURS_DURING,1984,UNKNOWN
5,"land was decreased nearly by half in 2002 compared to its coverage in 1984, while the size of the gallery did not change much",gallery,LOC,NO_CHANGE,,UNKNOWN
6,"About 26 and 31% of the total area of natural vegetation (, woodland and tree) will be converted to farmland and degraded by 2050 if we assume the dynamics recorded from 1975 to 1990 and 1990-2010, respectively",natural vegetation,LULC,CHANGE_TO,farmland,LULC
6,"About 26 and 31% of the total area of natural vegetation (, woodland and tree) will be converted to farmland and degraded by 2050 if we assume the dynamics recorded from 1975 to 1990 and 1990-2010, respectively",natural vegetation,LULC,DEGRADES,degraded,LULC
6,"About 26 and 31% of the total area of natural vegetation (, woodland and tree) will be converted to farmland and degraded by 2050 if we assume the dynamics recorded from 1975 to 1990 and 1990-2010, respectively",26%,PERCENT,MEASURES,proportion of natural vegetation,UNKNOWN
6,"About 26 and 31% of the total area of natural vegetation (, woodland and tree) will be converted to farmland and degraded by 2050 if we assume the dynamics recorded from 1975 to 1990 and 1990-2010, respectively",31%,PERCENT,MEASURES,proportion of natural vegetation,UNKNOWN
6,"About 26 and 31% of the total area of natural vegetation (, woodland and tree) will be converted to farmland and degraded by 2050 if we assume the dynamics recorded from 1975 to 1990 and 1990-2010, respectively",1975-1990,DATE,OCCURS_DURING,period of observation,UNKNOWN
6,"About 26 and 31% of the total area of natural vegetation (, woodland and tree) will be converted to farmland and degraded by 2050 if we assume the dynamics recorded from 1975 to 1990 and 1990-2010, respectively",1990-2010,DATE,OCCURS_DURING,period of observation,UNKNOWN
6,"About 26 and 31% of the total area of natural vegetation (, woodland and tree) will be converted to farmland and degraded by 2050 if we assume the dynamics recorded from 1975 to 1990 and 1990-2010, respectively",2050,DATE,OCCURS_DURING,predicted future year,UNKNOWN
7,"Assuming the dynamics recorded in the second period, the amounts of land covered by, woodland and tree will decrease by 5, 9 and 17% of their cover in 1990, respectively, while the amount of degraded and farmland will increase by 9 and 22% of the total area, respectively",woodland,LULC,DECREASES_BY,5%,UNKNOWN
7,"Assuming the dynamics recorded in the second period, the amounts of land covered by, woodland and tree will decrease by 5, 9 and 17% of their cover in 1990, respectively, while the amount of degraded and farmland will increase by 9 and 22% of the total area, respectively",tree,LULC,DECREASES_BY,9%,UNKNOWN
7,"Assuming the dynamics recorded in the second period, the amounts of land covered by, woodland and tree will decrease by 5, 9 and 17% of their cover in 1990, respectively, while the amount of degraded and farmland will increase by 9 and 22% of the total area, respectively",woodland,LULC,DECREASES_BY,17%,UNKNOWN
7,"Assuming the dynamics recorded in the second period, the amounts of land covered by, woodland and tree will decrease by 5, 9 and 17% of their cover in 1990, respectively, while the amount of degraded and farmland will increase by 9 and 22% of the total area, respectively",degraded,LULC,INCREASES_BY,9%,UNKNOWN
7,"Assuming the dynamics recorded in the second period, the amounts of land covered by, woodland and tree will decrease by 5, 9 and 17% of their cover in 1990, respectively, while the amount of degraded and farmland will increase by 9 and 22% of the total area, respectively",farmland,LULC,INCREASES_BY,22%,UNKNOWN
8,"Conversely the decrease in the herbaceous standing, due to the shortening of the period, the extension of cultivated and cleared fields, the grazing by cattle, and more generally the increment in landscape discontinuities limit the spread of fire and the size of burnt areas",herbaceous standing,CHANGE,DECREASES_BY,period,DATE
8,"Conversely the decrease in the herbaceous standing, due to the shortening of the period, the extension of cultivated and cleared fields, the grazing by cattle, and more generally the increment in landscape discontinuities limit the spread of fire and the size of burnt areas",cultivated and cleared fields,PROCESS,EXTENDS,fields,PERCENT
8,"Conversely the decrease in the herbaceous standing, due to the shortening of the period, the extension of cultivated and cleared fields, the grazing by cattle, and more generally the increment in landscape discontinuities limit the spread of fire and the size of burnt areas",grazing,cattle,AFFECTS,herbaceous standing,LULC
8,"Conversely the decrease in the herbaceous standing, due to the shortening of the period, the extension of cultivated and cleared fields, the grazing by cattle, and more generally the increment in landscape discontinuities limit the spread of fire and the size of burnt areas",landscape discontinuities,PROCESS,LIMITS,fire,PROCESS
8,"Conversely the decrease in the herbaceous standing, due to the shortening of the period, the extension of cultivated and cleared fields, the grazing by cattle, and more generally the increment in landscape discontinuities limit the spread of fire and the size of burnt areas",fire,PROCESS,AFFECTS,burnt areas,LULC
9,"describes Rwandan as caught in a ""low investment trap"" less than 10% of cropland is irrigated, while tractors, bank credit and government aid are all scarce",cropland,LULC,HAS_PROPERTY,irrigation,LULC
9,"describes Rwandan as caught in a ""low investment trap"" less than 10% of cropland is irrigated, while tractors, bank credit and government aid are all scarce",cropland,LULC,HAS_PROPERTY,tractors,SURFACE_UNIT
9,"describes Rwandan as caught in a ""low investment trap"" less than 10% of cropland is irrigated, while tractors, bank credit and government aid are all scarce",cropland,LULC,HAS_PROPERTY,bank credit,QUANTITY
9,"describes Rwandan as caught in a ""low investment trap"" less than 10% of cropland is irrigated, while tractors, bank credit and government aid are all scarce",cropland,LULC,HAS_PROPERTY,government aid,QUANTITY
9,"describes Rwandan as caught in a ""low investment trap"" less than 10% of cropland is irrigated, while tractors, bank credit and government aid are all scarce",less than 10%,PERCENT,APPLIES_TO,irrigation,LULC
10,"Due to the weeding practice, dominates in cropped fields in the early growing season while herbaceous vegetation continues to grow in fallows and rangelands",weeding practice,PROCESS,AFFECTS,cropped fields,LULC
10,"Due to the weeding practice, dominates in cropped fields in the early growing season while herbaceous vegetation continues to grow in fallows and rangelands",cropped fields,LULC,CONTAINS,herbaceous vegetation,LULC
10,"Due to the weeding practice, dominates in cropped fields in the early growing season while herbaceous vegetation continues to grow in fallows and rangelands",herbaceous vegetation,LULC,GROWS_IN,fallows,LULC
10,"Due to the weeding practice, dominates in cropped fields in the early growing season while herbaceous vegetation continues to grow in fallows and rangelands",herbaceous vegetation,LULC,GROWS_IN,rangelands,LULC
10,"Due to the weeding practice, dominates in cropped fields in the early growing season while herbaceous vegetation continues to grow in fallows and rangelands",early growing season,DATE,TIME_OF,cropped fields,LULC
10,"Due to the weeding practice, dominates in cropped fields in the early growing season while herbaceous vegetation continues to grow in fallows and rangelands",fall,DATE,TIME_OF,herbaceous vegetation,LULC
11,"In 1986, the grazing land had much higher proportion of the total regional area than other types while the size of croplands was substantially high after 16 years (Table)",grazing land,LULC,IS_HIGHER_THAN,total regional area,SURFACE_UNIT
11,"In 1986, the grazing land had much higher proportion of the total regional area than other types while the size of croplands was substantially high after 16 years (Table)",croplands,LULC,IS_SUBSTANTIALLY_HIGH,,UNKNOWN
11,"In 1986, the grazing land had much higher proportion of the total regional area than other types while the size of croplands was substantially high after 16 years (Table)",croplands,LULC,AFTER,16 years,UNKNOWN
12,"In 1990, woodland and tree were still the dominant types",,,NO_RELATIONS_FOUND,,
13,"In fact, some NTFP-providing trees, such as the baobab (Adansonia digitata) and the shea tree (Vitellaria paradoxa), are protected by farmers during the agricultural cycle of and fallows and are therefore still well preserved",Adansonia digitata,LULC,PROTECTED_BY,farmers,PERCENT
13,"In fact, some NTFP-providing trees, such as the baobab (Adansonia digitata) and the shea tree (Vitellaria paradoxa), are protected by farmers during the agricultural cycle of and fallows and are therefore still well preserved",Vitellaria paradoxa,LULC,PROTECTED_BY,farmers,PERCENT
13,"In fact, some NTFP-providing trees, such as the baobab (Adansonia digitata) and the shea tree (Vitellaria paradoxa), are protected by farmers during the agricultural cycle of and fallows and are therefore still well preserved",baobab,LULC,IS_SAME_AS,Adansonia digitata,LULC
13,"In fact, some NTFP-providing trees, such as the baobab (Adansonia digitata) and the shea tree (Vitellaria paradoxa), are protected by farmers during the agricultural cycle of and fallows and are therefore still well preserved",shea tree,LULC,IS_SAME_AS,Vitellaria paradoxa,LULC
13,"In fact, some NTFP-providing trees, such as the baobab (Adansonia digitata) and the shea tree (Vitellaria paradoxa), are protected by farmers during the agricultural cycle of and fallows and are therefore still well preserved",agricultural cycle,PROCESS,OCCURS_DURING,fallows,PROCESS
13,"In fact, some NTFP-providing trees, such as the baobab (Adansonia digitata) and the shea tree (Vitellaria paradoxa), are protected by farmers during the agricultural cycle of and fallows and are therefore still well preserved",farmers,PERCENT,PROTECT,Adansonia digitata,LULC
13,"In fact, some NTFP-providing trees, such as the baobab (Adansonia digitata) and the shea tree (Vitellaria paradoxa), are protected by farmers during the agricultural cycle of and fallows and are therefore still well preserved",farmers,PERCENT,PROTECT,Vitellaria paradoxa,LULC
13,"In fact, some NTFP-providing trees, such as the baobab (Adansonia digitata) and the shea tree (Vitellaria paradoxa), are protected by farmers during the agricultural cycle of and fallows and are therefore still well preserved","Note: The relations ""baobab",LULC,IS_SAME_AS,"Adansonia digitata: LULC"" and ""shea tree",LULC
14,"In rangelands, the main cause of woody vegetation decrease is the increasing pressure on wood resources to satisfy the demand for fuel and construction wood, not only from the local rural population, but also from the rapidly growing population of Niamey only 80 km away",rangelands,LOC,LOCATED_IN,woody vegetation,LULC
14,"In rangelands, the main cause of woody vegetation decrease is the increasing pressure on wood resources to satisfy the demand for fuel and construction wood, not only from the local rural population, but also from the rapidly growing population of Niamey only 80 km away",woody vegetation,LULC,DECREASES_BY,"(no explicit mention, cannot extract)",UNKNOWN
14,"In rangelands, the main cause of woody vegetation decrease is the increasing pressure on wood resources to satisfy the demand for fuel and construction wood, not only from the local rural population, but also from the rapidly growing population of Niamey only 80 km away",wood resources,QUANTITY,CAUSES,woody vegetation,LULC
14,"In rangelands, the main cause of woody vegetation decrease is the increasing pressure on wood resources to satisfy the demand for fuel and construction wood, not only from the local rural population, but also from the rapidly growing population of Niamey only 80 km away",fuel,QUANTITY,MEASURES,wood resources,QUANTITY
14,"In rangelands, the main cause of woody vegetation decrease is the increasing pressure on wood resources to satisfy the demand for fuel and construction wood, not only from the local rural population, but also from the rapidly growing population of Niamey only 80 km away",construction wood,QUANTITY,MEASURES,wood resources,QUANTITY
14,"In rangelands, the main cause of woody vegetation decrease is the increasing pressure on wood resources to satisfy the demand for fuel and construction wood, not only from the local rural population, but also from the rapidly growing population of Niamey only 80 km away",local rural population,PERCENT,AFFECTS,wood resources,QUANTITY
14,"In rangelands, the main cause of woody vegetation decrease is the increasing pressure on wood resources to satisfy the demand for fuel and construction wood, not only from the local rural population, but also from the rapidly growing population of Niamey only 80 km away",Niamey,LOC,LOCATED_IN,rangelands,LOC
14,"In rangelands, the main cause of woody vegetation decrease is the increasing pressure on wood resources to satisfy the demand for fuel and construction wood, not only from the local rural population, but also from the rapidly growing population of Niamey only 80 km away",rangelands,LOC,IS_NEAR,Niamey,LOC
15,"In Saloum Senegal, with the increase of cultivated land and shortening of cycles, soils have become less fertile close to the villages, although land away from the settlement gained in size, mainly due to out-migration",cultivated land,LULC,INCREASES_BY,none,UNKNOWN
15,"In Saloum Senegal, with the increase of cultivated land and shortening of cycles, soils have become less fertile close to the villages, although land away from the settlement gained in size, mainly due to out-migration",cycles,none,SHORTENS,none,UNKNOWN
15,"In Saloum Senegal, with the increase of cultivated land and shortening of cycles, soils have become less fertile close to the villages, although land away from the settlement gained in size, mainly due to out-migration",soil,LULC,BECOMES_LESS_FERTILE,none,UNKNOWN
15,"In Saloum Senegal, with the increase of cultivated land and shortening of cycles, soils have become less fertile close to the villages, although land away from the settlement gained in size, mainly due to out-migration",land,LULC,GAINS_SIZE,none,UNKNOWN
15,"In Saloum Senegal, with the increase of cultivated land and shortening of cycles, soils have become less fertile close to the villages, although land away from the settlement gained in size, mainly due to out-migration",land,LULC,AWAY_FROM,settlement,LOC
15,"In Saloum Senegal, with the increase of cultivated land and shortening of cycles, soils have become less fertile close to the villages, although land away from the settlement gained in size, mainly due to out-migration",settlement,LOC,HAS_OUT-MIGRATION,none,UNKNOWN
15,"In Saloum Senegal, with the increase of cultivated land and shortening of cycles, soils have become less fertile close to the villages, although land away from the settlement gained in size, mainly due to out-migration","* The relation ""soil",LULC,BECOMES_LESS_FERTILE,"none"" implies a decrease in soil fertility, but it's not a transformation between different LULC types.",UNKNOWN
15,"In Saloum Senegal, with the increase of cultivated land and shortening of cycles, soils have become less fertile close to the villages, although land away from the settlement gained in size, mainly due to out-migration","* The relation ""land",LULC,GAINS_SIZE,"none"" implies an increase in land size, but it's not a transformation between different LULC types.",UNKNOWN
15,"In Saloum Senegal, with the increase of cultivated land and shortening of cycles, soils have become less fertile close to the villages, although land away from the settlement gained in size, mainly due to out-migration","* The relation ""land",LULC,AWAY_FROM,settlement,"LOC"" implies a spatial relationship between land and settlement, which is correct according to the rules."
16,Irrigation from rivers is regarded as minor driver of,,,NO_RELATIONS_FOUND,,
17,"On the one hand, tree growth and on fields have led to an increase of woody cover in proximity to the village",Tree growth,PROCESS,AFFECTS,Woody cover,LULC
17,"On the one hand, tree growth and on fields have led to an increase of woody cover in proximity to the village",Fields,LOC,LOCATED_IN,Woody cover,LULC
17,"On the one hand, tree growth and on fields have led to an increase of woody cover in proximity to the village",Woody cover,LULC,INCREASES_BY,(no explicit value mentioned),UNKNOWN
18,"Rangelands are grazed year-round under communal access but grazing also extends to fallows, year-round or only in the dry season depending on accessibility, and to cropped fields after the harvest",Rangelands,LULC,GRAZED,by Grazing,PROCESS
18,"Rangelands are grazed year-round under communal access but grazing also extends to fallows, year-round or only in the dry season depending on accessibility, and to cropped fields after the harvest",Grazing,PROCESS,EXTENDS_TO,Fallows,LULC
18,"Rangelands are grazed year-round under communal access but grazing also extends to fallows, year-round or only in the dry season depending on accessibility, and to cropped fields after the harvest",Grazing,PROCESS,EXTENDS_TO,Cropped fields,LULC
18,"Rangelands are grazed year-round under communal access but grazing also extends to fallows, year-round or only in the dry season depending on accessibility, and to cropped fields after the harvest",Grazing,PROCESS,DEPENDS_ON,Accessibility,LOC
18,"Rangelands are grazed year-round under communal access but grazing also extends to fallows, year-round or only in the dry season depending on accessibility, and to cropped fields after the harvest",Grazing,PROCESS,DEPENDS_ON,Dry season,DATE
19,"Ratios of to cultivated area are 0.8 in Woure, where the bushfallow system is ""already defunct,"" 1.6 in Silgey and Kolbila, where bush- ""would lead to a steady decline in fertility,"" 2 in Koho, where bush- is ""marginal,"" and 5 in Sayero, where available land is still ""more than adequate.""",Ratios,QUANTITY,MEASURES,cultivated area,CARDINAL
19,"Ratios of to cultivated area are 0.8 in Woure, where the bushfallow system is ""already defunct,"" 1.6 in Silgey and Kolbila, where bush- ""would lead to a steady decline in fertility,"" 2 in Koho, where bush- is ""marginal,"" and 5 in Sayero, where available land is still ""more than adequate.""",bushfallow system,PROCESS,CAUSES,decline in fertility,QUANTITY
19,"Ratios of to cultivated area are 0.8 in Woure, where the bushfallow system is ""already defunct,"" 1.6 in Silgey and Kolbila, where bush- ""would lead to a steady decline in fertility,"" 2 in Koho, where bush- is ""marginal,"" and 5 in Sayero, where available land is still ""more than adequate.""",bush,LULC,AFFECTS,fertility,QUANTITY
19,"Ratios of to cultivated area are 0.8 in Woure, where the bushfallow system is ""already defunct,"" 1.6 in Silgey and Kolbila, where bush- ""would lead to a steady decline in fertility,"" 2 in Koho, where bush- is ""marginal,"" and 5 in Sayero, where available land is still ""more than adequate.""",bush,LULC,IS,marginal,UNKNOWN
19,"Ratios of to cultivated area are 0.8 in Woure, where the bushfallow system is ""already defunct,"" 1.6 in Silgey and Kolbila, where bush- ""would lead to a steady decline in fertility,"" 2 in Koho, where bush- is ""marginal,"" and 5 in Sayero, where available land is still ""more than adequate.""",available land,LULC,IS,more than adequate,UNKNOWN
20,Regular keeps the soil penetrable and farmers are aware of the benefits of trees in their fields,,,NO_RELATIONS_FOUND,,
