sentenceID,sentence,source,source_type,relationship,target,target_type,confidence
1,"'After the droughts in the 1970s and 1980s, the observed loss of woody vegetation cover was often considered as irreversible and large parts of the Sahel were designated as degraded land (e.g",droughts,PROCESS,CAUSES,loss,CHANGE,HIGH
1,"'After the droughts in the 1970s and 1980s, the observed loss of woody vegetation cover was often considered as irreversible and large parts of the Sahel were designated as degraded land (e.g",loss,CHANGE,AFFECTS,woody vegetation cover,LULC,HIGH
1,"'After the droughts in the 1970s and 1980s, the observed loss of woody vegetation cover was often considered as irreversible and large parts of the Sahel were designated as degraded land (e.g",droughts,PROCESS,OCCURS_DURING,1970s,DATE,HIGH
1,"'After the droughts in the 1970s and 1980s, the observed loss of woody vegetation cover was often considered as irreversible and large parts of the Sahel were designated as degraded land (e.g",droughts,PROCESS,OCCURS_DURING,1980s,DATE,HIGH
2,'The forests of West and Central Africa probably originally covered a combined area of about 3 million km 2,forests,LULC,LOCATED_IN,West Africa,LOC,HIGH
2,'The forests of West and Central Africa probably originally covered a combined area of about 3 million km 2,forests,LULC,LOCATED_IN,Central Africa,LOC,HIGH
3,").',, 'p': 'ref':, ' text': 'From 1996 to 2017, the area covered by cropped fields, C, has increased from 40% to 51.3% over the study site area, and from 47% to 64% of the arable lands in the study site due to the loss fallows","cropped fields, C",LULC,LOCATED_IN,study site area,LOC,HIGH
3,").',, 'p': 'ref':, ' text': 'From 1996 to 2017, the area covered by cropped fields, C, has increased from 40% to 51.3% over the study site area, and from 47% to 64% of the arable lands in the study site due to the loss fallows",40%,PERCENT,FROM_TO,51.3%,PERCENT,HIGH
3,").',, 'p': 'ref':, ' text': 'From 1996 to 2017, the area covered by cropped fields, C, has increased from 40% to 51.3% over the study site area, and from 47% to 64% of the arable lands in the study site due to the loss fallows",47%,PERCENT,FROM_TO,64%,PERCENT,HIGH
3,").',, 'p': 'ref':, ' text': 'From 1996 to 2017, the area covered by cropped fields, C, has increased from 40% to 51.3% over the study site area, and from 47% to 64% of the arable lands in the study site due to the loss fallows",loss fallows,PROCESS,CAUSES,"cropped fields, C",LULC,HIGH
4,in this region has been dominated over the past three decades by production,,,,,,
6,"About 26 and 31% of the total area of natural vegetation (, woodland and tree) will be converted to farmland and degraded by 2050 if we assume the dynamics recorded from 1975 to 1990 and 1990-2010, respectively",26%,PERCENT,MEASURES,part of total area of natural vegetation,LULC,HIGH
6,"About 26 and 31% of the total area of natural vegetation (, woodland and tree) will be converted to farmland and degraded by 2050 if we assume the dynamics recorded from 1975 to 1990 and 1990-2010, respectively",31%,PERCENT,MEASURES,part of total area of natural vegetation,LULC,HIGH
8,"Conversely the decrease in the herbaceous standing, due to the shortening of the period, the extension of cultivated and cleared fields, the grazing by cattle, and more generally the increment in landscape discontinuities limit the spread of fire and the size of burnt areas",herbaceous standing,LULC,DECREASES_BY,decrease,CHANGE,HIGH
8,"Conversely the decrease in the herbaceous standing, due to the shortening of the period, the extension of cultivated and cleared fields, the grazing by cattle, and more generally the increment in landscape discontinuities limit the spread of fire and the size of burnt areas",grazing by cattle,PROCESS,AFFECTS,herbaceous standing,LULC,HIGH
8,"Conversely the decrease in the herbaceous standing, due to the shortening of the period, the extension of cultivated and cleared fields, the grazing by cattle, and more generally the increment in landscape discontinuities limit the spread of fire and the size of burnt areas",fire,PROCESS,AFFECTS,burnt areas,LULC,HIGH
10,"Due to the weeding practice, dominates in cropped fields in the early growing season while herbaceous vegetation continues to grow in fallows and rangelands",weeding practice,PROCESS,CAUSES,dominated,CHANGE,HIGH
10,"Due to the weeding practice, dominates in cropped fields in the early growing season while herbaceous vegetation continues to grow in fallows and rangelands",dominated,CHANGE,AFFECTS,cropped fields,LULC,HIGH
10,"Due to the weeding practice, dominates in cropped fields in the early growing season while herbaceous vegetation continues to grow in fallows and rangelands",early growing season,TIME,OCCURS_DURING,dominated,CHANGE,HIGH
12,"In 1990, woodland and tree were still the dominant types",,,,,,
13,"In fact, some NTFP-providing trees, such as the baobab (Adansonia digitata) and the shea tree (Vitellaria paradoxa), are protected by farmers during the agricultural cycle of and fallows and are therefore still well preserved",are protected,CHANGE,OCCURS_DURING,during,TEMPORAL_RELATOR,HIGH
13,"In fact, some NTFP-providing trees, such as the baobab (Adansonia digitata) and the shea tree (Vitellaria paradoxa), are protected by farmers during the agricultural cycle of and fallows and are therefore still well preserved",are still well preserved,STATE,OCCURS_DURING,during,TEMPORAL_RELATOR,HIGH
14,"In rangelands, the main cause of woody vegetation decrease is the increasing pressure on wood resources to satisfy the demand for fuel and construction wood, not only from the local rural population, but also from the rapidly growing population of Niamey only 80 km away",woody vegetation,LULC,DECREASED_BY,pressure,PROCESS,HIGH
14,"In rangelands, the main cause of woody vegetation decrease is the increasing pressure on wood resources to satisfy the demand for fuel and construction wood, not only from the local rural population, but also from the rapidly growing population of Niamey only 80 km away",pressure,PROCESS,CAUSES,woody vegetation,LULC,HIGH
14,"In rangelands, the main cause of woody vegetation decrease is the increasing pressure on wood resources to satisfy the demand for fuel and construction wood, not only from the local rural population, but also from the rapidly growing population of Niamey only 80 km away",wood resources,LULC,MEASURES,demand,PROCESS,HIGH
14,"In rangelands, the main cause of woody vegetation decrease is the increasing pressure on wood resources to satisfy the demand for fuel and construction wood, not only from the local rural population, but also from the rapidly growing population of Niamey only 80 km away",demand,PROCESS,AFFECTS,woody vegetation,LULC,HIGH
14,"In rangelands, the main cause of woody vegetation decrease is the increasing pressure on wood resources to satisfy the demand for fuel and construction wood, not only from the local rural population, but also from the rapidly growing population of Niamey only 80 km away",local rural population,PERCENT,AFFECTS,demand,PROCESS,HIGH
15,"In Saloum Senegal, with the increase of cultivated land and shortening of cycles, soils have become less fertile close to the villages, although land away from the settlement gained in size, mainly due to out-migration",Saloum,LOC,LOCATED_IN,Senegal,LOC,HIGH
16,Irrigation from rivers is regarded as minor driver of,,,,,,
17,"On the one hand, tree growth and on fields have led to an increase of woody cover in proximity to the village",Tree growth,PROCESS,AFFECTS,Woody cover,LULC,HIGH
18,"Rangelands are grazed year-round under communal access but grazing also extends to fallows, year-round or only in the dry season depending on accessibility, and to cropped fields after the harvest",Grazing,PROCESS,AFFECTS,Rangelands,LULC,MEDIUM
18,"Rangelands are grazed year-round under communal access but grazing also extends to fallows, year-round or only in the dry season depending on accessibility, and to cropped fields after the harvest",Communal access,PROCESS,ENABLES,Grazing,PROCESS,MEDIUM
19,"Ratios of to cultivated area are 0.8 in Woure, where the bushfallow system is ""already defunct,"" 1.6 in Silgey and Kolbila, where bush- ""would lead to a steady decline in fertility,"" 2 in Koho, where bush- is ""marginal,"" and 5 in Sayero, where available land is still ""more than adequate.""",Ratios,PERCENT,MEASURES,cultivated area,LULC,HIGH
19,"Ratios of to cultivated area are 0.8 in Woure, where the bushfallow system is ""already defunct,"" 1.6 in Silgey and Kolbila, where bush- ""would lead to a steady decline in fertility,"" 2 in Koho, where bush- is ""marginal,"" and 5 in Sayero, where available land is still ""more than adequate.""",bush,PROCESS,AFFECTS,fertility,QUANTITY,HIGH
