sentence_id,sentence,source,source_type,relationship,target,target_type,confidence
0,"After the droughts in the 1970s and 1980s, the observed loss of woody vegetation cover was often considered as irreversible [desertification] and large parts of the Sahel were designated as degraded land (e.g",Sahel,LOC,LOCATED_IN,Africa,LOC,MEDIUM
1,Pastoral production has often existed in some sort of symbiotic interaction with the [agriculture],pastoral production,PROCESS,CAUSES,agriculture,LULC,HIGH
3,"(1993)'}], '#text': ""An increase of land under [cultivation] can be in the form of either (a) clearing more land within the present territory, or (b) migrating to other areas to develop new land for [cultivation]",'An increase of land under cultivation',QUANTITY,INCREASES_BY,(1993),DATE,HIGH
3,"(1993)'}], '#text': ""An increase of land under [cultivation] can be in the form of either (a) clearing more land within the present territory, or (b) migrating to other areas to develop new land for [cultivation]",can be in the form of,PROCESS,CAUSES,(either,CARDINAL,MEDIUM
3,"(1993)'}], '#text': ""An increase of land under [cultivation] can be in the form of either (a) clearing more land within the present territory, or (b) migrating to other areas to develop new land for [cultivation]",(a),CARDINAL,CHANGE_TO,clearing more land within the present territory,PROCESS,HIGH
3,"(1993)'}], '#text': ""An increase of land under [cultivation] can be in the form of either (a) clearing more land within the present territory, or (b) migrating to other areas to develop new land for [cultivation]",(b),CARDINAL,CHANGE_TO,migrating to other areas to develop new land for cultivation,PROCESS,HIGH
4,"(2006), who estimate an increase in the national [urban] share of 0.45 percent with a reduction in national rainfall of 1 percent",national,LOC,CAUSES,urban,LULC,HIGH
4,"(2006), who estimate an increase in the national [urban] share of 0.45 percent with a reduction in national rainfall of 1 percent",urban,LULC,INCREASES_BY,0.45 percent,QUANTITY,HIGH
4,"(2006), who estimate an increase in the national [urban] share of 0.45 percent with a reduction in national rainfall of 1 percent",urban,LULC,DECREASES_BY,1 percent,QUANTITY,HIGH
5,").'}]}, {'@xmlns': 'http://www.tei-c.org/ns/1.0', 'head': {'@n': '4.2.', '#text': '[Land use ]change in the study site'}, 'p': {'ref': [{'@type': 'figure', '@target': '#fig_1', '#text': '2a'}, {'@type': 'figure', '@target': '#fig_1', '#text': '2b'}], '#text': 'From 1996 to 2017, the area covered by cropped fields, C, has increased from 40% to 51.3% over the study site area, and from 47% to 64% of the arable lands in the study site due to the loss fallows",change,CHANGE,CAUSES,[Land use],LULC,HIGH
7,"[Forest] land was decreased nearly by half in 2002 compared to its coverage in 1984, while the size of the gallery [forest] did not change much","[""Forest""]",LULC,DECREASES_BY,"[""land""]",LOC,HIGH
7,"[Forest] land was decreased nearly by half in 2002 compared to its coverage in 1984, while the size of the gallery [forest] did not change much","[""land""]",LOC,LOCATED_IN,"[""Forest""]",LULC,MEDIUM
7,"[Forest] land was decreased nearly by half in 2002 compared to its coverage in 1984, while the size of the gallery [forest] did not change much","[""Forest""]",LULC,CHANGE_TO,"[""Forest""]",LULC,LOW
7,"[Forest] land was decreased nearly by half in 2002 compared to its coverage in 1984, while the size of the gallery [forest] did not change much","[""Forest""]",LULC,DECREASES_BY,"[""Forest""]",LULC,LOW
7,"[Forest] land was decreased nearly by half in 2002 compared to its coverage in 1984, while the size of the gallery [forest] did not change much","[""Forest""]",LULC,DECREASES_BY,"[""land""]",LOC,LOW
7,"[Forest] land was decreased nearly by half in 2002 compared to its coverage in 1984, while the size of the gallery [forest] did not change much","[""Forest""]",LULC,DECREASES_BY,"[""Forest""]",LULC,HIGH
7,"[Forest] land was decreased nearly by half in 2002 compared to its coverage in 1984, while the size of the gallery [forest] did not change much","[""Forest""]",LULC,DECREASES_BY,"[""Forest""]",LULC,HIGH
8,"About 26 and 31% of the total area of natural vegetation ([forest], woodland and tree [savanna]) will be converted to farmland and degraded [savanna] by 2050 if we assume the dynamics recorded from 1975 to 1990 and 1990-2010, respectively",26% and 31%,PERCENT,DECREASES_BY,total area,QUANTITY,HIGH
8,"About 26 and 31% of the total area of natural vegetation ([forest], woodland and tree [savanna]) will be converted to farmland and degraded [savanna] by 2050 if we assume the dynamics recorded from 1975 to 1990 and 1990-2010, respectively",natural vegetation,LULC,CHANGE_TO,farmland,LULC,HIGH
8,"About 26 and 31% of the total area of natural vegetation ([forest], woodland and tree [savanna]) will be converted to farmland and degraded [savanna] by 2050 if we assume the dynamics recorded from 1975 to 1990 and 1990-2010, respectively",natural vegetation,LULC,CHANGE_TO,degraded savanna,LULC,HIGH
8,"About 26 and 31% of the total area of natural vegetation ([forest], woodland and tree [savanna]) will be converted to farmland and degraded [savanna] by 2050 if we assume the dynamics recorded from 1975 to 1990 and 1990-2010, respectively",2050,DATE,OCCURS_DURING,conversion process,PROCESS,MEDIUM
8,"About 26 and 31% of the total area of natural vegetation ([forest], woodland and tree [savanna]) will be converted to farmland and degraded [savanna] by 2050 if we assume the dynamics recorded from 1975 to 1990 and 1990-2010, respectively","forest:LULC, woodland:LULC, tree savanna",LULC,LOCATED_IN,natural vegetation,LULC,HIGH
8,"About 26 and 31% of the total area of natural vegetation ([forest], woodland and tree [savanna]) will be converted to farmland and degraded [savanna] by 2050 if we assume the dynamics recorded from 1975 to 1990 and 1990-2010, respectively",farmland,LULC,LOCATED_IN,natural vegetation,LULC,HIGH
8,"About 26 and 31% of the total area of natural vegetation ([forest], woodland and tree [savanna]) will be converted to farmland and degraded [savanna] by 2050 if we assume the dynamics recorded from 1975 to 1990 and 1990-2010, respectively",degraded savanna,LULC,LOCATED_IN,natural vegetation,LULC,HIGH
9,"Although such schemes clearly have the potential to benefit biodiversity and the wider environment, further research is required to quantify the benefits and risks, assess the scales over which benefits are being and are likely to be delivered, and to assess the socio-economic implications for livelihoods and land-use .'}]}, {'@xmlns': 'http://www.tei-c.org/ns/1.0', 'head': {'@n': '4.3.', '#text': 'Wider implications'}, 'p': {'ref': [{'@type': 'figure', '@target': '#fig_0', '#text': '1'}, {'@type': 'bibr', '@target': '#b54', '#text': '(Laporte et al., 2007)'}, {'@type': 'bibr', '#text': '(Laurance et al., 2006a,b;'}, {'@type': 'bibr', '@target': '#b89', '#text': 'Wilkie et al., 2000;'}, {'@type': 'bibr', '@target': '#b92', '#text': 'Zhang et al., 2006)'}, {'@type': 'bibr', '@target': '#b16', '#text': '(Butler and Laurance, 2008)'}], '#text': 'The tropical [forest] zone in West Africa has experienced centuries of human modification, leading to a substantial decline in [forest] cover and loss of [forest] biodiversity",human modification,PROCESS,CAUSES,loss of forest cover,QUANTITY,HIGH
9,"Although such schemes clearly have the potential to benefit biodiversity and the wider environment, further research is required to quantify the benefits and risks, assess the scales over which benefits are being and are likely to be delivered, and to assess the socio-economic implications for livelihoods and land-use .'}]}, {'@xmlns': 'http://www.tei-c.org/ns/1.0', 'head': {'@n': '4.3.', '#text': 'Wider implications'}, 'p': {'ref': [{'@type': 'figure', '@target': '#fig_0', '#text': '1'}, {'@type': 'bibr', '@target': '#b54', '#text': '(Laporte et al., 2007)'}, {'@type': 'bibr', '#text': '(Laurance et al., 2006a,b;'}, {'@type': 'bibr', '@target': '#b89', '#text': 'Wilkie et al., 2000;'}, {'@type': 'bibr', '@target': '#b92', '#text': 'Zhang et al., 2006)'}, {'@type': 'bibr', '@target': '#b16', '#text': '(Butler and Laurance, 2008)'}], '#text': 'The tropical [forest] zone in West Africa has experienced centuries of human modification, leading to a substantial decline in [forest] cover and loss of [forest] biodiversity",loss of forest cover,QUANTITY,DECREASES_BY,substantial decline,QUANTITY,MEDIUM
9,"Although such schemes clearly have the potential to benefit biodiversity and the wider environment, further research is required to quantify the benefits and risks, assess the scales over which benefits are being and are likely to be delivered, and to assess the socio-economic implications for livelihoods and land-use .'}]}, {'@xmlns': 'http://www.tei-c.org/ns/1.0', 'head': {'@n': '4.3.', '#text': 'Wider implications'}, 'p': {'ref': [{'@type': 'figure', '@target': '#fig_0', '#text': '1'}, {'@type': 'bibr', '@target': '#b54', '#text': '(Laporte et al., 2007)'}, {'@type': 'bibr', '#text': '(Laurance et al., 2006a,b;'}, {'@type': 'bibr', '@target': '#b89', '#text': 'Wilkie et al., 2000;'}, {'@type': 'bibr', '@target': '#b92', '#text': 'Zhang et al., 2006)'}, {'@type': 'bibr', '@target': '#b16', '#text': '(Butler and Laurance, 2008)'}], '#text': 'The tropical [forest] zone in West Africa has experienced centuries of human modification, leading to a substantial decline in [forest] cover and loss of [forest] biodiversity",assessment of benefits,QUANTITY,OCCURS_DURING,further research,PROCESS,HIGH
9,"Although such schemes clearly have the potential to benefit biodiversity and the wider environment, further research is required to quantify the benefits and risks, assess the scales over which benefits are being and are likely to be delivered, and to assess the socio-economic implications for livelihoods and land-use .'}]}, {'@xmlns': 'http://www.tei-c.org/ns/1.0', 'head': {'@n': '4.3.', '#text': 'Wider implications'}, 'p': {'ref': [{'@type': 'figure', '@target': '#fig_0', '#text': '1'}, {'@type': 'bibr', '@target': '#b54', '#text': '(Laporte et al., 2007)'}, {'@type': 'bibr', '#text': '(Laurance et al., 2006a,b;'}, {'@type': 'bibr', '@target': '#b89', '#text': 'Wilkie et al., 2000;'}, {'@type': 'bibr', '@target': '#b92', '#text': 'Zhang et al., 2006)'}, {'@type': 'bibr', '@target': '#b16', '#text': '(Butler and Laurance, 2008)'}], '#text': 'The tropical [forest] zone in West Africa has experienced centuries of human modification, leading to a substantial decline in [forest] cover and loss of [forest] biodiversity",assessment of risks,QUANTITY,OCCURS_DURING,further research,PROCESS,HIGH
9,"Although such schemes clearly have the potential to benefit biodiversity and the wider environment, further research is required to quantify the benefits and risks, assess the scales over which benefits are being and are likely to be delivered, and to assess the socio-economic implications for livelihoods and land-use .'}]}, {'@xmlns': 'http://www.tei-c.org/ns/1.0', 'head': {'@n': '4.3.', '#text': 'Wider implications'}, 'p': {'ref': [{'@type': 'figure', '@target': '#fig_0', '#text': '1'}, {'@type': 'bibr', '@target': '#b54', '#text': '(Laporte et al., 2007)'}, {'@type': 'bibr', '#text': '(Laurance et al., 2006a,b;'}, {'@type': 'bibr', '@target': '#b89', '#text': 'Wilkie et al., 2000;'}, {'@type': 'bibr', '@target': '#b92', '#text': 'Zhang et al., 2006)'}, {'@type': 'bibr', '@target': '#b16', '#text': '(Butler and Laurance, 2008)'}], '#text': 'The tropical [forest] zone in West Africa has experienced centuries of human modification, leading to a substantial decline in [forest] cover and loss of [forest] biodiversity",assessment of scales,QUANTITY,OCCURS_DURING,further research,PROCESS,HIGH
9,"Although such schemes clearly have the potential to benefit biodiversity and the wider environment, further research is required to quantify the benefits and risks, assess the scales over which benefits are being and are likely to be delivered, and to assess the socio-economic implications for livelihoods and land-use .'}]}, {'@xmlns': 'http://www.tei-c.org/ns/1.0', 'head': {'@n': '4.3.', '#text': 'Wider implications'}, 'p': {'ref': [{'@type': 'figure', '@target': '#fig_0', '#text': '1'}, {'@type': 'bibr', '@target': '#b54', '#text': '(Laporte et al., 2007)'}, {'@type': 'bibr', '#text': '(Laurance et al., 2006a,b;'}, {'@type': 'bibr', '@target': '#b89', '#text': 'Wilkie et al., 2000;'}, {'@type': 'bibr', '@target': '#b92', '#text': 'Zhang et al., 2006)'}, {'@type': 'bibr', '@target': '#b16', '#text': '(Butler and Laurance, 2008)'}], '#text': 'The tropical [forest] zone in West Africa has experienced centuries of human modification, leading to a substantial decline in [forest] cover and loss of [forest] biodiversity",assessment of socio-economic implications,QUANTITY,OCCURS_DURING,further research,PROCESS,HIGH
9,"Although such schemes clearly have the potential to benefit biodiversity and the wider environment, further research is required to quantify the benefits and risks, assess the scales over which benefits are being and are likely to be delivered, and to assess the socio-economic implications for livelihoods and land-use .'}]}, {'@xmlns': 'http://www.tei-c.org/ns/1.0', 'head': {'@n': '4.3.', '#text': 'Wider implications'}, 'p': {'ref': [{'@type': 'figure', '@target': '#fig_0', '#text': '1'}, {'@type': 'bibr', '@target': '#b54', '#text': '(Laporte et al., 2007)'}, {'@type': 'bibr', '#text': '(Laurance et al., 2006a,b;'}, {'@type': 'bibr', '@target': '#b89', '#text': 'Wilkie et al., 2000;'}, {'@type': 'bibr', '@target': '#b92', '#text': 'Zhang et al., 2006)'}, {'@type': 'bibr', '@target': '#b16', '#text': '(Butler and Laurance, 2008)'}], '#text': 'The tropical [forest] zone in West Africa has experienced centuries of human modification, leading to a substantial decline in [forest] cover and loss of [forest] biodiversity",tropical forest zone,LOC,LOCATED_IN,West Africa,LOC,HIGH
9,"Although such schemes clearly have the potential to benefit biodiversity and the wider environment, further research is required to quantify the benefits and risks, assess the scales over which benefits are being and are likely to be delivered, and to assess the socio-economic implications for livelihoods and land-use .'}]}, {'@xmlns': 'http://www.tei-c.org/ns/1.0', 'head': {'@n': '4.3.', '#text': 'Wider implications'}, 'p': {'ref': [{'@type': 'figure', '@target': '#fig_0', '#text': '1'}, {'@type': 'bibr', '@target': '#b54', '#text': '(Laporte et al., 2007)'}, {'@type': 'bibr', '#text': '(Laurance et al., 2006a,b;'}, {'@type': 'bibr', '@target': '#b89', '#text': 'Wilkie et al., 2000;'}, {'@type': 'bibr', '@target': '#b92', '#text': 'Zhang et al., 2006)'}, {'@type': 'bibr', '@target': '#b16', '#text': '(Butler and Laurance, 2008)'}], '#text': 'The tropical [forest] zone in West Africa has experienced centuries of human modification, leading to a substantial decline in [forest] cover and loss of [forest] biodiversity",human modification,PROCESS,AFFECTS,loss of forest biodiversity,QUANTITY,HIGH
9,"Although such schemes clearly have the potential to benefit biodiversity and the wider environment, further research is required to quantify the benefits and risks, assess the scales over which benefits are being and are likely to be delivered, and to assess the socio-economic implications for livelihoods and land-use .'}]}, {'@xmlns': 'http://www.tei-c.org/ns/1.0', 'head': {'@n': '4.3.', '#text': 'Wider implications'}, 'p': {'ref': [{'@type': 'figure', '@target': '#fig_0', '#text': '1'}, {'@type': 'bibr', '@target': '#b54', '#text': '(Laporte et al., 2007)'}, {'@type': 'bibr', '#text': '(Laurance et al., 2006a,b;'}, {'@type': 'bibr', '@target': '#b89', '#text': 'Wilkie et al., 2000;'}, {'@type': 'bibr', '@target': '#b92', '#text': 'Zhang et al., 2006)'}, {'@type': 'bibr', '@target': '#b16', '#text': '(Butler and Laurance, 2008)'}], '#text': 'The tropical [forest] zone in West Africa has experienced centuries of human modification, leading to a substantial decline in [forest] cover and loss of [forest] biodiversity",loss of forest biodiversity,QUANTITY,AFFECTS,wider environment,QUANTITY,HIGH
11,"Assuming the dynamics recorded in the second period , the amounts of land covered by [forest], woodland and tree [savanna] will decrease by 5, 9 and 17% of their cover in 1990, respectively, while the amount of degraded [savanna] and farmland will increase by 9 and 22% of the total area, respectively",assuming the dynamics recorded in the second period,CHANGE,CAUSES,forest:LULC:forest --DECREASES_BY-- 5,PERCENT,MEDIUM
11,"Assuming the dynamics recorded in the second period , the amounts of land covered by [forest], woodland and tree [savanna] will decrease by 5, 9 and 17% of their cover in 1990, respectively, while the amount of degraded [savanna] and farmland will increase by 9 and 22% of the total area, respectively",assuming the dynamics recorded in the second period,CHANGE,CAUSES,woodland:LULC:woodland --DECREASES_BY-- 9,PERCENT,MEDIUM
11,"Assuming the dynamics recorded in the second period , the amounts of land covered by [forest], woodland and tree [savanna] will decrease by 5, 9 and 17% of their cover in 1990, respectively, while the amount of degraded [savanna] and farmland will increase by 9 and 22% of the total area, respectively",assuming the dynamics recorded in the second period,CHANGE,CAUSES,tree savanna:LULC:tree_savanna --DECREASES_BY-- 17,PERCENT,MEDIUM
12,"Conversely the decrease in the herbaceous standing [crop], due to the shortening of the [fallow] period, the extension of cultivated and cleared fields, the grazing by cattle, and more generally the increment in landscape discontinuities limit the spread of fire and the size of burnt areas",decrease,CHANGE,DECREASES_BY,herbaceous standing crop,LULC,HIGH
12,"Conversely the decrease in the herbaceous standing [crop], due to the shortening of the [fallow] period, the extension of cultivated and cleared fields, the grazing by cattle, and more generally the increment in landscape discontinuities limit the spread of fire and the size of burnt areas",herbaceous standing crop,LULC,CAUSES,decrease,CHANGE,MEDIUM
12,"Conversely the decrease in the herbaceous standing [crop], due to the shortening of the [fallow] period, the extension of cultivated and cleared fields, the grazing by cattle, and more generally the increment in landscape discontinuities limit the spread of fire and the size of burnt areas",extension of cultivated and cleared fields,CHANGE,CAUSES,decrease,CHANGE,HIGH
12,"Conversely the decrease in the herbaceous standing [crop], due to the shortening of the [fallow] period, the extension of cultivated and cleared fields, the grazing by cattle, and more generally the increment in landscape discontinuities limit the spread of fire and the size of burnt areas",grazing by cattle,PROCESS,CAUSES,decrease,CHANGE,HIGH
12,"Conversely the decrease in the herbaceous standing [crop], due to the shortening of the [fallow] period, the extension of cultivated and cleared fields, the grazing by cattle, and more generally the increment in landscape discontinuities limit the spread of fire and the size of burnt areas",spread of fire,PROCESS,AFFECTS,size of burnt areas,QUANTITY,HIGH
13,"Coping capacities were therefore assumed to be lower for the Bolgatanga area, which could lead to local food crises provoked by [urban] sprawl where land becomes useless for [agriculture].']}, {'@xmlns': 'http://www.tei-c.org/ns/1.0', 'head': {'@n': '3.2.', '#text': 'Driving forces of [[urban] development]'}, 'p': [{'ref': {'@type': 'table', '#text': '6a'}, '#text': 'Our three data sets show at a high confidence level that population growth is a driving force of [[urban] development] in both study areas (Table )",urban sprawl,PROCESS,CAUSES,Bolgatanga area,LOC,HIGH
13,"Coping capacities were therefore assumed to be lower for the Bolgatanga area, which could lead to local food crises provoked by [urban] sprawl where land becomes useless for [agriculture].']}, {'@xmlns': 'http://www.tei-c.org/ns/1.0', 'head': {'@n': '3.2.', '#text': 'Driving forces of [[urban] development]'}, 'p': [{'ref': {'@type': 'table', '#text': '6a'}, '#text': 'Our three data sets show at a high confidence level that population growth is a driving force of [[urban] development] in both study areas (Table )",land,LULC,DECREASES_BY,agriculture,LULC,MEDIUM
15,"Due to the weeding practice, [bare soil] dominates in cropped fields in the early growing season while herbaceous vegetation continues to grow in fallows and rangelands","[""weeding practice""]",PROCESS,CAUSES,"[""bare soil""]:LULC --TO_BECOME-- [""dominant""]",CHANGE,HIGH
19,"In fact, some NTFP-providing trees, such as the baobab (Adansonia digitata) and the shea tree (Vitellaria paradoxa), are protected by farmers during the agricultural cycle of [cultivation] and fallows and are therefore still well preserved",NTFP-providing trees,LULC,LOCATED_IN,cultivation,PROCESS,MEDIUM
19,"In fact, some NTFP-providing trees, such as the baobab (Adansonia digitata) and the shea tree (Vitellaria paradoxa), are protected by farmers during the agricultural cycle of [cultivation] and fallows and are therefore still well preserved",cultivation,PROCESS,OCCURS_DURING,[agricultural cycle],PROCESS,HIGH
